{"cameraMode":{"drawMode":0,"name":"Shaded","section":"Shading Mode"},"sceneLighting":true,"audioPlay":false,"sceneViewState":{"m_AlwaysRefresh":false,"showFog":true,"showSkybox":true,"showFlares":true,"showImageEffects":true,"showParticleSystems":true,"showVisualEffectGraphs":true,"m_FxEnabled":true},"in2DMode":false,"pivot":{"x":0.3247082531452179,"y":0.013895333744585514,"z":0.06861470639705658},"rotation":{"x":-0.1083279401063919,"y":0.4496162235736847,"z":-0.055040158331394199,"w":-0.8849181532859802},"size":0.3809506297111511,"orthographic":false}