{"cameraMode":{"drawMode":0,"name":"Shaded","section":"Shading Mode"},"sceneLighting":true,"audioPlay":false,"sceneViewState":{"m_AlwaysRefresh":false,"showFog":true,"showSkybox":true,"showFlares":true,"showImageEffects":true,"showParticleSystems":true,"showVisualEffectGraphs":true,"m_FxEnabled":true},"in2DMode":false,"pivot":{"x":-11.309557914733887,"y":-4.110556602478027,"z":50.0533561706543},"rotation":{"x":-0.043432917445898059,"y":0.049433354288339618,"z":0.002152188215404749,"w":0.9978322386741638},"size":16.701080322265626,"orthographic":true}