{"cameraMode":{"drawMode":0,"name":"Shaded","section":"Shading Mode"},"sceneLighting":true,"audioPlay":false,"sceneViewState":{"m_AlwaysRefresh":false,"showFog":true,"showSkybox":true,"showFlares":true,"showImageEffects":true,"showParticleSystems":true,"showVisualEffectGraphs":true,"m_FxEnabled":true},"in2DMode":false,"pivot":{"x":0.12272122502326966,"y":-0.1312304437160492,"z":0.310844749212265},"rotation":{"x":-0.2146161049604416,"y":-0.009671870619058609,"z":0.002125419909134507,"w":-0.976647138595581},"size":0.3809506297111511,"orthographic":false}